<?xml version="1.0" encoding="UTF-8"?>
<GenRun Id="impl_1" LaunchPart="xc7a35tcpg236-1" LaunchTime="1642348689">
  <File Type="ROUTE-PWR" Name="final_project_power_routed.rpt"/>
  <File Type="PA-TCL" Name="final_project.tcl"/>
  <File Type="BITSTR-MMI" Name="final_project.mmi"/>
  <File Type="OPT-METHODOLOGY-DRC" Name="final_project_methodology_drc_opted.rpt"/>
  <File Type="INIT-TIMING" Name="final_project_timing_summary_init.rpt"/>
  <File Type="ROUTE-PWR-SUM" Name="final_project_power_summary_routed.pb"/>
  <File Type="REPORTS-TCL" Name="final_project_reports.tcl"/>
  <File Type="OPT-TIMING" Name="final_project_timing_summary_opted.rpt"/>
  <File Type="OPT-DCP" Name="final_project_opt.dcp"/>
  <File Type="OPT-DRC" Name="final_project_drc_opted.rpt"/>
  <File Type="OPT-HWDEF" Name="final_project.hwdef"/>
  <File Type="PWROPT-DCP" Name="final_project_pwropt.dcp"/>
  <File Type="PWROPT-DRC" Name="final_project_drc_pwropted.rpt"/>
  <File Type="PWROPT-TIMING" Name="final_project_timing_summary_pwropted.rpt"/>
  <File Type="PLACE-DCP" Name="final_project_placed.dcp"/>
  <File Type="PLACE-IO" Name="final_project_io_placed.rpt"/>
  <File Type="PLACE-CLK" Name="final_project_clock_utilization_placed.rpt"/>
  <File Type="PLACE-UTIL" Name="final_project_utilization_placed.rpt"/>
  <File Type="PLACE-UTIL-PB" Name="final_project_utilization_placed.pb"/>
  <File Type="PLACE-CTRL" Name="final_project_control_sets_placed.rpt"/>
  <File Type="PLACE-SIMILARITY" Name="final_project_incremental_reuse_placed.rpt"/>
  <File Type="PLACE-PRE-SIMILARITY" Name="final_project_incremental_reuse_pre_placed.rpt"/>
  <File Type="BG-BIN" Name="final_project.bin"/>
  <File Type="PLACE-TIMING" Name="final_project_timing_summary_placed.rpt"/>
  <File Type="POSTPLACE-PWROPT-DCP" Name="final_project_postplace_pwropt.dcp"/>
  <File Type="BITSTR-MSK" Name="final_project.msk"/>
  <File Type="POSTPLACE-PWROPT-TIMING" Name="final_project_timing_summary_postplace_pwropted.rpt"/>
  <File Type="PHYSOPT-DCP" Name="final_project_physopt.dcp"/>
  <File Type="PHYSOPT-DRC" Name="final_project_drc_physopted.rpt"/>
  <File Type="BITSTR-RBT" Name="final_project.rbt"/>
  <File Type="PHYSOPT-TIMING" Name="final_project_timing_summary_physopted.rpt"/>
  <File Type="ROUTE-ERROR-DCP" Name="final_project_routed_error.dcp"/>
  <File Type="ROUTE-DCP" Name="final_project_routed.dcp"/>
  <File Type="ROUTE-BLACKBOX-DCP" Name="final_project_routed_bb.dcp"/>
  <File Type="ROUTE-DRC" Name="final_project_drc_routed.rpt"/>
  <File Type="ROUTE-DRC-PB" Name="final_project_drc_routed.pb"/>
  <File Type="ROUTE-DRC-RPX" Name="final_project_drc_routed.rpx"/>
  <File Type="ROUTE-METHODOLOGY-DRC" Name="final_project_methodology_drc_routed.rpt"/>
  <File Type="ROUTE-METHODOLOGY-DRC-RPX" Name="final_project_methodology_drc_routed.rpx"/>
  <File Type="ROUTE-METHODOLOGY-DRC-PB" Name="final_project_methodology_drc_routed.pb"/>
  <File Type="ROUTE-PWR-RPX" Name="final_project_power_routed.rpx"/>
  <File Type="ROUTE-STATUS" Name="final_project_route_status.rpt"/>
  <File Type="ROUTE-STATUS-PB" Name="final_project_route_status.pb"/>
  <File Type="ROUTE-TIMINGSUMMARY" Name="final_project_timing_summary_routed.rpt"/>
  <File Type="ROUTE-TIMING-PB" Name="final_project_timing_summary_routed.pb"/>
  <File Type="ROUTE-TIMING-RPX" Name="final_project_timing_summary_routed.rpx"/>
  <File Type="ROUTE-SIMILARITY" Name="final_project_incremental_reuse_routed.rpt"/>
  <File Type="ROUTE-CLK" Name="final_project_clock_utilization_routed.rpt"/>
  <File Type="ROUTE-BUS-SKEW" Name="final_project_bus_skew_routed.rpt"/>
  <File Type="ROUTE-BUS-SKEW-PB" Name="final_project_bus_skew_routed.pb"/>
  <File Type="ROUTE-BUS-SKEW-RPX" Name="final_project_bus_skew_routed.rpx"/>
  <File Type="POSTROUTE-PHYSOPT-DCP" Name="final_project_postroute_physopt.dcp"/>
  <File Type="POSTROUTE-PHYSOPT-BLACKBOX-DCP" Name="final_project_postroute_physopt_bb.dcp"/>
  <File Type="POSTROUTE-PHYSOPT-TIMING" Name="final_project_timing_summary_postroute_physopted.rpt"/>
  <File Type="POSTROUTE-PHYSOPT-TIMING-PB" Name="final_project_timing_summary_postroute_physopted.pb"/>
  <File Type="POSTROUTE-PHYSOPT-TIMING-RPX" Name="final_project_timing_summary_postroute_physopted.rpx"/>
  <File Type="POSTROUTE-PHYSOPT-BUS-SKEW" Name="final_project_bus_skew_postroute_physopted.rpt"/>
  <File Type="BG-BIT" Name="final_project.bit"/>
  <File Type="POSTROUTE-PHYSOPT-BUS-SKEW-PB" Name="final_project_bus_skew_postroute_physopted.pb"/>
  <File Type="POSTROUTE-PHYSOPT-BUS-SKEW-RPX" Name="final_project_bus_skew_postroute_physopted.rpx"/>
  <File Type="BITSTR-NKY" Name="final_project.nky"/>
  <File Type="BITSTR-BMM" Name="final_project_bd.bmm"/>
  <File Type="PDI-FILE" Name="final_project.pdi"/>
  <File Type="RCFI_FILE" Name="final_project.rcfi"/>
  <File Type="CFI_FILE" Name="final_project.cfi"/>
  <File Type="RNPI_FILE" Name="final_project.rnpi"/>
  <File Type="NPI_FILE" Name="final_project.npi"/>
  <File Type="RBD_FILE" Name="final_project.rbd"/>
  <File Type="BITSTR-LTX" Name="debug_nets.ltx"/>
  <File Type="BITSTR-LTX" Name="final_project.ltx"/>
  <File Type="BITSTR-SYSDEF" Name="final_project.sysdef"/>
  <File Type="BG-BGN" Name="final_project.bgn"/>
  <File Type="BG-DRC" Name="final_project.drc"/>
  <File Type="RDI-RDI" Name="final_project.vdi"/>
  <File Type="WBT-USG" Name="usage_statistics_webtalk.html"/>
  <FileSet Name="sources" Type="DesignSrcs" RelSrcDir="$PSRCDIR/sources_1" RelGenDir="$PGENDIR/sources_1">
    <Filter Type="Srcs"/>
    <File Path="$PSRCDIR/sources_1/ip/blk_mem_gen_3_1/blk_mem_gen_3.xci">
      <FileInfo>
        <Attr Name="UsedIn" Val="synthesis"/>
        <Attr Name="UsedIn" Val="implementation"/>
        <Attr Name="UsedIn" Val="simulation"/>
      </FileInfo>
    </File>
    <File Path="$PSRCDIR/sources_1/ip/blk_mem_gen_2/blk_mem_gen_2.xci">
      <FileInfo>
        <Attr Name="UsedIn" Val="synthesis"/>
        <Attr Name="UsedIn" Val="implementation"/>
        <Attr Name="UsedIn" Val="simulation"/>
      </FileInfo>
    </File>
    <File Path="$PSRCDIR/sources_1/ip/blk_mem_gen_1/blk_mem_gen_1.xci">
      <FileInfo>
        <Attr Name="UsedIn" Val="synthesis"/>
        <Attr Name="UsedIn" Val="implementation"/>
        <Attr Name="UsedIn" Val="simulation"/>
      </FileInfo>
    </File>
    <File Path="$PSRCDIR/sources_1/ip/blk_mem_gen_0/blk_mem_gen_0.xci">
      <FileInfo>
        <Attr Name="UsedIn" Val="synthesis"/>
        <Attr Name="UsedIn" Val="implementation"/>
        <Attr Name="UsedIn" Val="simulation"/>
      </FileInfo>
    </File>
    <File Path="$PSRCDIR/sources_1/ip/KeyboardCtrl_0_2/KeyboardCtrl_0.xci">
      <FileInfo>
        <Attr Name="UsedIn" Val="synthesis"/>
        <Attr Name="UsedIn" Val="implementation"/>
        <Attr Name="UsedIn" Val="simulation"/>
      </FileInfo>
    </File>
    <File Path="$PSRCDIR/sources_1/imports/code/AI_movement.v">
      <FileInfo>
        <Attr Name="ImportPath" Val="$PPRDIR/../code/AI_movement.v"/>
        <Attr Name="ImportTime" Val="1642303043"/>
        <Attr Name="UsedIn" Val="synthesis"/>
        <Attr Name="UsedIn" Val="implementation"/>
        <Attr Name="UsedIn" Val="simulation"/>
      </FileInfo>
    </File>
    <File Path="$PSRCDIR/sources_1/imports/KeyboardSampleCode/KeyboardDecoder.v">
      <FileInfo>
        <Attr Name="ImportPath" Val="$PPRDIR/../../lab/lab6/KeyboardSampleCode/KeyboardSampleCode/KeyboardDecoder.v"/>
        <Attr Name="ImportTime" Val="1637133613"/>
        <Attr Name="UsedIn" Val="synthesis"/>
        <Attr Name="UsedIn" Val="implementation"/>
        <Attr Name="UsedIn" Val="simulation"/>
      </FileInfo>
    </File>
    <File Path="$PSRCDIR/sources_1/imports/KeyboardSampleCode/OnePulse.v">
      <FileInfo>
        <Attr Name="ImportPath" Val="$PPRDIR/../../lab/lab6/KeyboardSampleCode/KeyboardSampleCode/OnePulse.v"/>
        <Attr Name="ImportTime" Val="1478675842"/>
        <Attr Name="UsedIn" Val="synthesis"/>
        <Attr Name="UsedIn" Val="implementation"/>
        <Attr Name="UsedIn" Val="simulation"/>
      </FileInfo>
    </File>
    <File Path="$PSRCDIR/sources_1/imports/code/ball_display.v">
      <FileInfo>
        <Attr Name="ImportPath" Val="$PPRDIR/../code/ball_display.v"/>
        <Attr Name="ImportTime" Val="1641996891"/>
        <Attr Name="UsedIn" Val="synthesis"/>
        <Attr Name="UsedIn" Val="implementation"/>
        <Attr Name="UsedIn" Val="simulation"/>
      </FileInfo>
    </File>
    <File Path="$PSRCDIR/sources_1/new/clk_div.v">
      <FileInfo>
        <Attr Name="UsedIn" Val="synthesis"/>
        <Attr Name="UsedIn" Val="implementation"/>
        <Attr Name="UsedIn" Val="simulation"/>
      </FileInfo>
    </File>
    <File Path="$PSRCDIR/sources_1/new/display_final.v">
      <FileInfo>
        <Attr Name="UsedIn" Val="synthesis"/>
        <Attr Name="UsedIn" Val="implementation"/>
        <Attr Name="UsedIn" Val="simulation"/>
      </FileInfo>
    </File>
    <File Path="$PSRCDIR/sources_1/new/handle_keypressed.v">
      <FileInfo>
        <Attr Name="UsedIn" Val="synthesis"/>
        <Attr Name="UsedIn" Val="implementation"/>
        <Attr Name="UsedIn" Val="simulation"/>
      </FileInfo>
    </File>
    <File Path="$PSRCDIR/sources_1/new/jump_control.v">
      <FileInfo>
        <Attr Name="UsedIn" Val="synthesis"/>
        <Attr Name="UsedIn" Val="implementation"/>
        <Attr Name="UsedIn" Val="simulation"/>
      </FileInfo>
    </File>
    <File Path="$PSRCDIR/sources_1/imports/code/led_final.v">
      <FileInfo>
        <Attr Name="ImportPath" Val="$PPRDIR/../code/led_final.v"/>
        <Attr Name="ImportTime" Val="1642245878"/>
        <Attr Name="UsedIn" Val="synthesis"/>
        <Attr Name="UsedIn" Val="implementation"/>
        <Attr Name="UsedIn" Val="simulation"/>
      </FileInfo>
    </File>
    <File Path="$PSRCDIR/sources_1/imports/sources_1/imports/lab8_template/music_example.v">
      <FileInfo>
        <Attr Name="ImportPath" Val="$PPRDIR/../final_project/final_project_music/final_project_music.srcs/sources_1/imports/lab8_template/music_example.v"/>
        <Attr Name="ImportTime" Val="1640503670"/>
        <Attr Name="UsedIn" Val="synthesis"/>
        <Attr Name="UsedIn" Val="implementation"/>
        <Attr Name="UsedIn" Val="simulation"/>
      </FileInfo>
    </File>
    <File Path="$PSRCDIR/sources_1/imports/sources_1/new/music_final.v">
      <FileInfo>
        <Attr Name="ImportPath" Val="$PPRDIR/../final_project/final_project_music/final_project_music.srcs/sources_1/new/music_final.v"/>
        <Attr Name="ImportTime" Val="1640504393"/>
        <Attr Name="UsedIn" Val="synthesis"/>
        <Attr Name="UsedIn" Val="implementation"/>
        <Attr Name="UsedIn" Val="simulation"/>
      </FileInfo>
    </File>
    <File Path="$PSRCDIR/sources_1/imports/sources_1/imports/lab8_template/note_gen.v">
      <FileInfo>
        <Attr Name="ImportPath" Val="$PPRDIR/../final_project/final_project_music/final_project_music.srcs/sources_1/imports/lab8_template/note_gen.v"/>
        <Attr Name="ImportTime" Val="1640504362"/>
        <Attr Name="UsedIn" Val="synthesis"/>
        <Attr Name="UsedIn" Val="implementation"/>
        <Attr Name="UsedIn" Val="simulation"/>
      </FileInfo>
    </File>
    <File Path="$PSRCDIR/sources_1/imports/sources_1/imports/lab8_template/player_control.v">
      <FileInfo>
        <Attr Name="ImportPath" Val="$PPRDIR/../final_project/final_project_music/final_project_music.srcs/sources_1/imports/lab8_template/player_control.v"/>
        <Attr Name="ImportTime" Val="1640500928"/>
        <Attr Name="UsedIn" Val="synthesis"/>
        <Attr Name="UsedIn" Val="implementation"/>
        <Attr Name="UsedIn" Val="simulation"/>
      </FileInfo>
    </File>
    <File Path="$PSRCDIR/sources_1/new/player_movement.v">
      <FileInfo>
        <Attr Name="UsedIn" Val="synthesis"/>
        <Attr Name="UsedIn" Val="implementation"/>
        <Attr Name="UsedIn" Val="simulation"/>
      </FileInfo>
    </File>
    <File Path="$PSRCDIR/sources_1/imports/code/seven_segment_final.v">
      <FileInfo>
        <Attr Name="ImportPath" Val="$PPRDIR/../code/seven_segment_final.v"/>
        <Attr Name="ImportTime" Val="1642232336"/>
        <Attr Name="UsedIn" Val="synthesis"/>
        <Attr Name="UsedIn" Val="implementation"/>
        <Attr Name="UsedIn" Val="simulation"/>
      </FileInfo>
    </File>
    <File Path="$PSRCDIR/sources_1/imports/sources_1/imports/lab8_template/speaker_control.v">
      <FileInfo>
        <Attr Name="ImportPath" Val="$PPRDIR/../final_project/final_project_music/final_project_music.srcs/sources_1/imports/lab8_template/speaker_control.v"/>
        <Attr Name="ImportTime" Val="1607750032"/>
        <Attr Name="UsedIn" Val="synthesis"/>
        <Attr Name="UsedIn" Val="implementation"/>
        <Attr Name="UsedIn" Val="simulation"/>
      </FileInfo>
    </File>
    <File Path="$PSRCDIR/sources_1/imports/demo2/vga.v">
      <FileInfo>
        <Attr Name="ImportPath" Val="$PPRDIR/../../lab/lab7/VGASampleCode/VGASampleCode/demo2/vga.v"/>
        <Attr Name="ImportTime" Val="1607071572"/>
        <Attr Name="UsedIn" Val="synthesis"/>
        <Attr Name="UsedIn" Val="implementation"/>
        <Attr Name="UsedIn" Val="simulation"/>
      </FileInfo>
    </File>
    <File Path="$PSRCDIR/sources_1/imports/final_project/final_project.v">
      <FileInfo>
        <Attr Name="ImportPath" Val="$PPRDIR/../final_project.v"/>
        <Attr Name="ImportTime" Val="1640522625"/>
        <Attr Name="UsedIn" Val="synthesis"/>
        <Attr Name="UsedIn" Val="implementation"/>
        <Attr Name="UsedIn" Val="simulation"/>
      </FileInfo>
    </File>
    <File Path="$PSRCDIR/sources_1/imports/coe_file/background.coe">
      <FileInfo>
        <Attr Name="UsedIn" Val="synthesis"/>
        <Attr Name="UsedIn" Val="simulation"/>
      </FileInfo>
    </File>
    <File Path="$PSRCDIR/sources_1/imports/coe_file/ball_revised.coe">
      <FileInfo>
        <Attr Name="UsedIn" Val="synthesis"/>
        <Attr Name="UsedIn" Val="simulation"/>
      </FileInfo>
    </File>
    <File Path="$PSRCDIR/sources_1/imports/coe_file/player_revised.coe">
      <FileInfo>
        <Attr Name="UsedIn" Val="synthesis"/>
        <Attr Name="UsedIn" Val="simulation"/>
      </FileInfo>
    </File>
    <Config>
      <Option Name="DesignMode" Val="RTL"/>
      <Option Name="TopModule" Val="final_project"/>
      <Option Name="TopAutoSet" Val="TRUE"/>
    </Config>
  </FileSet>
  <FileSet Name="constrs_in" Type="Constrs" RelSrcDir="$PSRCDIR/constrs_1">
    <Filter Type="Constrs"/>
    <File Path="$PSRCDIR/constrs_1/imports/lab7_2/Basys3_Master.xdc">
      <FileInfo>
        <Attr Name="ImportPath" Val="$PPRDIR/../../lab/lab7/lab7_2/Basys3_Master.xdc"/>
        <Attr Name="ImportTime" Val="1638694140"/>
        <Attr Name="UsedIn" Val="synthesis"/>
        <Attr Name="UsedIn" Val="implementation"/>
      </FileInfo>
    </File>
    <Config>
      <Option Name="ConstrsType" Val="XDC"/>
    </Config>
  </FileSet>
  <FileSet Name="utils" Type="Utils" RelSrcDir="$PSRCDIR/utils_1">
    <Filter Type="Utils"/>
    <Config>
      <Option Name="TopAutoSet" Val="TRUE"/>
    </Config>
  </FileSet>
  <Strategy Version="1" Minor="2">
    <StratHandle Name="Vivado Implementation Defaults" Flow="Vivado Implementation 2021"/>
    <Step Id="init_design"/>
    <Step Id="opt_design"/>
    <Step Id="power_opt_design"/>
    <Step Id="place_design"/>
    <Step Id="post_place_power_opt_design"/>
    <Step Id="phys_opt_design"/>
    <Step Id="route_design"/>
    <Step Id="post_route_phys_opt_design"/>
    <Step Id="write_bitstream"/>
  </Strategy>
</GenRun>
