<?xml version="1.0" encoding="UTF-8"?>
<GenRun Id="synth_1" LaunchPart="xc7a35tcpg236-1" LaunchTime="1642348689">
  <File Type="PA-TCL" Name="final_project.tcl"/>
  <File Type="RDS-PROPCONSTRS" Name="final_project_drc_synth.rpt"/>
  <File Type="REPORTS-TCL" Name="final_project_reports.tcl"/>
  <File Type="RDS-RDS" Name="final_project.vds"/>
  <File Type="RDS-UTIL" Name="final_project_utilization_synth.rpt"/>
  <File Type="RDS-UTIL-PB" Name="final_project_utilization_synth.pb"/>
  <File Type="RDS-DCP" Name="final_project.dcp"/>
  <File Type="VDS-TIMINGSUMMARY" Name="final_project_timing_summary_synth.rpt"/>
  <File Type="VDS-TIMING-PB" Name="final_project_timing_summary_synth.pb"/>
  <FileSet Name="sources" Type="DesignSrcs" RelSrcDir="$PSRCDIR/sources_1" RelGenDir="$PGENDIR/sources_1">
    <Filter Type="Srcs"/>
    <File Path="$PSRCDIR/sources_1/ip/blk_mem_gen_3_1/blk_mem_gen_3.xci">
      <FileInfo>
        <Attr Name="UsedIn" Val="synthesis"/>
        <Attr Name="UsedIn" Val="implementation"/>
        <Attr Name="UsedIn" Val="simulation"/>
      </FileInfo>
    </File>
    <File Path="$PSRCDIR/sources_1/ip/blk_mem_gen_2/blk_mem_gen_2.xci">
      <FileInfo>
        <Attr Name="UsedIn" Val="synthesis"/>
        <Attr Name="UsedIn" Val="implementation"/>
        <Attr Name="UsedIn" Val="simulation"/>
      </FileInfo>
    </File>
    <File Path="$PSRCDIR/sources_1/ip/blk_mem_gen_1/blk_mem_gen_1.xci">
      <FileInfo>
        <Attr Name="UsedIn" Val="synthesis"/>
        <Attr Name="UsedIn" Val="implementation"/>
        <Attr Name="UsedIn" Val="simulation"/>
      </FileInfo>
    </File>
    <File Path="$PSRCDIR/sources_1/ip/blk_mem_gen_0/blk_mem_gen_0.xci">
      <FileInfo>
        <Attr Name="UsedIn" Val="synthesis"/>
        <Attr Name="UsedIn" Val="implementation"/>
        <Attr Name="UsedIn" Val="simulation"/>
      </FileInfo>
    </File>
    <File Path="$PSRCDIR/sources_1/ip/KeyboardCtrl_0_2/KeyboardCtrl_0.xci">
      <FileInfo>
        <Attr Name="UsedIn" Val="synthesis"/>
        <Attr Name="UsedIn" Val="implementation"/>
        <Attr Name="UsedIn" Val="simulation"/>
      </FileInfo>
    </File>
    <File Path="$PSRCDIR/sources_1/imports/code/AI_movement.v">
      <FileInfo>
        <Attr Name="ImportPath" Val="$PPRDIR/../code/AI_movement.v"/>
        <Attr Name="ImportTime" Val="1642303043"/>
        <Attr Name="UsedIn" Val="synthesis"/>
        <Attr Name="UsedIn" Val="implementation"/>
        <Attr Name="UsedIn" Val="simulation"/>
      </FileInfo>
    </File>
    <File Path="$PSRCDIR/sources_1/imports/KeyboardSampleCode/KeyboardDecoder.v">
      <FileInfo>
        <Attr Name="ImportPath" Val="$PPRDIR/../../lab/lab6/KeyboardSampleCode/KeyboardSampleCode/KeyboardDecoder.v"/>
        <Attr Name="ImportTime" Val="1637133613"/>
        <Attr Name="UsedIn" Val="synthesis"/>
        <Attr Name="UsedIn" Val="implementation"/>
        <Attr Name="UsedIn" Val="simulation"/>
      </FileInfo>
    </File>
    <File Path="$PSRCDIR/sources_1/imports/KeyboardSampleCode/OnePulse.v">
      <FileInfo>
        <Attr Name="ImportPath" Val="$PPRDIR/../../lab/lab6/KeyboardSampleCode/KeyboardSampleCode/OnePulse.v"/>
        <Attr Name="ImportTime" Val="1478675842"/>
        <Attr Name="UsedIn" Val="synthesis"/>
        <Attr Name="UsedIn" Val="implementation"/>
        <Attr Name="UsedIn" Val="simulation"/>
      </FileInfo>
    </File>
    <File Path="$PSRCDIR/sources_1/imports/code/ball_display.v">
      <FileInfo>
        <Attr Name="ImportPath" Val="$PPRDIR/../code/ball_display.v"/>
        <Attr Name="ImportTime" Val="1641996891"/>
        <Attr Name="UsedIn" Val="synthesis"/>
        <Attr Name="UsedIn" Val="implementation"/>
        <Attr Name="UsedIn" Val="simulation"/>
      </FileInfo>
    </File>
    <File Path="$PSRCDIR/sources_1/new/clk_div.v">
      <FileInfo>
        <Attr Name="UsedIn" Val="synthesis"/>
        <Attr Name="UsedIn" Val="implementation"/>
        <Attr Name="UsedIn" Val="simulation"/>
      </FileInfo>
    </File>
    <File Path="$PSRCDIR/sources_1/new/display_final.v">
      <FileInfo>
        <Attr Name="UsedIn" Val="synthesis"/>
        <Attr Name="UsedIn" Val="implementation"/>
        <Attr Name="UsedIn" Val="simulation"/>
      </FileInfo>
    </File>
    <File Path="$PSRCDIR/sources_1/new/handle_keypressed.v">
      <FileInfo>
        <Attr Name="UsedIn" Val="synthesis"/>
        <Attr Name="UsedIn" Val="implementation"/>
        <Attr Name="UsedIn" Val="simulation"/>
      </FileInfo>
    </File>
    <File Path="$PSRCDIR/sources_1/new/jump_control.v">
      <FileInfo>
        <Attr Name="UsedIn" Val="synthesis"/>
        <Attr Name="UsedIn" Val="implementation"/>
        <Attr Name="UsedIn" Val="simulation"/>
      </FileInfo>
    </File>
    <File Path="$PSRCDIR/sources_1/imports/code/led_final.v">
      <FileInfo>
        <Attr Name="ImportPath" Val="$PPRDIR/../code/led_final.v"/>
        <Attr Name="ImportTime" Val="1642245878"/>
        <Attr Name="UsedIn" Val="synthesis"/>
        <Attr Name="UsedIn" Val="implementation"/>
        <Attr Name="UsedIn" Val="simulation"/>
      </FileInfo>
    </File>
    <File Path="$PSRCDIR/sources_1/imports/sources_1/imports/lab8_template/music_example.v">
      <FileInfo>
        <Attr Name="ImportPath" Val="$PPRDIR/../final_project/final_project_music/final_project_music.srcs/sources_1/imports/lab8_template/music_example.v"/>
        <Attr Name="ImportTime" Val="1640503670"/>
        <Attr Name="UsedIn" Val="synthesis"/>
        <Attr Name="UsedIn" Val="implementation"/>
        <Attr Name="UsedIn" Val="simulation"/>
      </FileInfo>
    </File>
    <File Path="$PSRCDIR/sources_1/imports/sources_1/new/music_final.v">
      <FileInfo>
        <Attr Name="ImportPath" Val="$PPRDIR/../final_project/final_project_music/final_project_music.srcs/sources_1/new/music_final.v"/>
        <Attr Name="ImportTime" Val="1640504393"/>
        <Attr Name="UsedIn" Val="synthesis"/>
        <Attr Name="UsedIn" Val="implementation"/>
        <Attr Name="UsedIn" Val="simulation"/>
      </FileInfo>
    </File>
    <File Path="$PSRCDIR/sources_1/imports/sources_1/imports/lab8_template/note_gen.v">
      <FileInfo>
        <Attr Name="ImportPath" Val="$PPRDIR/../final_project/final_project_music/final_project_music.srcs/sources_1/imports/lab8_template/note_gen.v"/>
        <Attr Name="ImportTime" Val="1640504362"/>
        <Attr Name="UsedIn" Val="synthesis"/>
        <Attr Name="UsedIn" Val="implementation"/>
        <Attr Name="UsedIn" Val="simulation"/>
      </FileInfo>
    </File>
    <File Path="$PSRCDIR/sources_1/imports/sources_1/imports/lab8_template/player_control.v">
      <FileInfo>
        <Attr Name="ImportPath" Val="$PPRDIR/../final_project/final_project_music/final_project_music.srcs/sources_1/imports/lab8_template/player_control.v"/>
        <Attr Name="ImportTime" Val="1640500928"/>
        <Attr Name="UsedIn" Val="synthesis"/>
        <Attr Name="UsedIn" Val="implementation"/>
        <Attr Name="UsedIn" Val="simulation"/>
      </FileInfo>
    </File>
    <File Path="$PSRCDIR/sources_1/new/player_movement.v">
      <FileInfo>
        <Attr Name="UsedIn" Val="synthesis"/>
        <Attr Name="UsedIn" Val="implementation"/>
        <Attr Name="UsedIn" Val="simulation"/>
      </FileInfo>
    </File>
    <File Path="$PSRCDIR/sources_1/imports/code/seven_segment_final.v">
      <FileInfo>
        <Attr Name="ImportPath" Val="$PPRDIR/../code/seven_segment_final.v"/>
        <Attr Name="ImportTime" Val="1642232336"/>
        <Attr Name="UsedIn" Val="synthesis"/>
        <Attr Name="UsedIn" Val="implementation"/>
        <Attr Name="UsedIn" Val="simulation"/>
      </FileInfo>
    </File>
    <File Path="$PSRCDIR/sources_1/imports/sources_1/imports/lab8_template/speaker_control.v">
      <FileInfo>
        <Attr Name="ImportPath" Val="$PPRDIR/../final_project/final_project_music/final_project_music.srcs/sources_1/imports/lab8_template/speaker_control.v"/>
        <Attr Name="ImportTime" Val="1607750032"/>
        <Attr Name="UsedIn" Val="synthesis"/>
        <Attr Name="UsedIn" Val="implementation"/>
        <Attr Name="UsedIn" Val="simulation"/>
      </FileInfo>
    </File>
    <File Path="$PSRCDIR/sources_1/imports/demo2/vga.v">
      <FileInfo>
        <Attr Name="ImportPath" Val="$PPRDIR/../../lab/lab7/VGASampleCode/VGASampleCode/demo2/vga.v"/>
        <Attr Name="ImportTime" Val="1607071572"/>
        <Attr Name="UsedIn" Val="synthesis"/>
        <Attr Name="UsedIn" Val="implementation"/>
        <Attr Name="UsedIn" Val="simulation"/>
      </FileInfo>
    </File>
    <File Path="$PSRCDIR/sources_1/imports/final_project/final_project.v">
      <FileInfo>
        <Attr Name="ImportPath" Val="$PPRDIR/../final_project.v"/>
        <Attr Name="ImportTime" Val="1640522625"/>
        <Attr Name="UsedIn" Val="synthesis"/>
        <Attr Name="UsedIn" Val="implementation"/>
        <Attr Name="UsedIn" Val="simulation"/>
      </FileInfo>
    </File>
    <File Path="$PSRCDIR/sources_1/imports/coe_file/background.coe">
      <FileInfo>
        <Attr Name="UsedIn" Val="synthesis"/>
        <Attr Name="UsedIn" Val="simulation"/>
      </FileInfo>
    </File>
    <File Path="$PSRCDIR/sources_1/imports/coe_file/ball_revised.coe">
      <FileInfo>
        <Attr Name="UsedIn" Val="synthesis"/>
        <Attr Name="UsedIn" Val="simulation"/>
      </FileInfo>
    </File>
    <File Path="$PSRCDIR/sources_1/imports/coe_file/player_revised.coe">
      <FileInfo>
        <Attr Name="UsedIn" Val="synthesis"/>
        <Attr Name="UsedIn" Val="simulation"/>
      </FileInfo>
    </File>
    <Config>
      <Option Name="DesignMode" Val="RTL"/>
      <Option Name="TopModule" Val="final_project"/>
      <Option Name="TopAutoSet" Val="TRUE"/>
    </Config>
  </FileSet>
  <FileSet Name="constrs_in" Type="Constrs" RelSrcDir="$PSRCDIR/constrs_1">
    <Filter Type="Constrs"/>
    <File Path="$PSRCDIR/constrs_1/imports/lab7_2/Basys3_Master.xdc">
      <FileInfo>
        <Attr Name="ImportPath" Val="$PPRDIR/../../lab/lab7/lab7_2/Basys3_Master.xdc"/>
        <Attr Name="ImportTime" Val="1638694140"/>
        <Attr Name="UsedIn" Val="synthesis"/>
        <Attr Name="UsedIn" Val="implementation"/>
      </FileInfo>
    </File>
    <Config>
      <Option Name="ConstrsType" Val="XDC"/>
    </Config>
  </FileSet>
  <FileSet Name="utils" Type="Utils" RelSrcDir="$PSRCDIR/utils_1">
    <Filter Type="Utils"/>
    <Config>
      <Option Name="TopAutoSet" Val="TRUE"/>
    </Config>
  </FileSet>
  <Strategy Version="1" Minor="2">
    <StratHandle Name="Vivado Synthesis Defaults" Flow="Vivado Synthesis 2021"/>
    <Step Id="synth_design"/>
  </Strategy>
</GenRun>
